timestamp_computer,left_gaze_point_on_display_area,right_gaze_point_on_display_area,left_pupil_diameter,right_pupil_validity,right_pupil_diameter,right_pupil_validity
1611163760.2069743,"(0.1266339123249054, 0.7844062447547913)","(0.13897930085659027, 0.7554442286491394)",4.8492279052734375,1,4.5707855224609375,1
1611163760.2359917,"(0.12719087302684784, 0.7856106162071228)","(0.1377803534269333, 0.759750485420227)",4.8472747802734375,1,4.57830810546875,1
1611163760.2649128,"(0.12788420915603638, 0.7836991548538208)","(0.13824865221977234, 0.7606185078620911)",4.85211181640625,1,4.5788116455078125,1
1611163760.2888494,"(0.12843073904514313, 0.7815075516700745)","(0.13896112143993378, 0.7652822732925415)",4.849456787109375,1,4.5761260986328125,1
1611163760.3107903,"(0.1275908648967743, 0.7838645577430725)","(0.14052724838256836, 0.7605966329574585)",4.848175048828125,1,4.5698394775390625,1
1611163760.339681,"(0.12764690816402435, 0.7837682366371155)","(0.13997846841812134, 0.7624981999397278)",4.8472137451171875,1,4.56842041015625,1
1611163760.3905766,"(0.12765853106975555, 0.7859288454055786)","(0.13878345489501953, 0.7629039287567139)",4.8442535400390625,1,4.5621337890625,1
1611163760.4434357,"(0.12537430226802826, 0.7856792211532593)","(0.13852345943450928, 0.7622979879379272)",4.8448333740234375,1,4.5600433349609375,1
1611163760.496295,"(0.13529935479164124, 0.7842771410942078)","(0.14995303750038147, 0.7601554989814758)",4.8321380615234375,1,4.5550994873046875,1
1611163760.543169,"(0.15799088776111603, 0.7760125994682312)","(0.18956874310970306, 0.7563621997833252)",4.82501220703125,1,4.5533294677734375,1
1611163760.5780764,"(0.18232744932174683, 0.7676832675933838)","(0.2091251015663147, 0.7586032152175903)",4.818389892578125,1,4.5499420166015625,1
1611163760.6319325,"(0.19039346277713776, 0.764758288860321)","(0.21624892950057983, 0.754523754119873)",4.8200225830078125,1,4.5493927001953125,1
1611163760.6837924,"(0.18956410884857178, 0.7686971426010132)","(0.20862418413162231, 0.7529234290122986)",4.8159027099609375,1,4.5388946533203125,1
1611163760.7376492,"(0.188228577375412, 0.7668967843055725)","(0.20935726165771484, 0.7554337978363037)",4.80560302734375,1,4.5310211181640625,1
1611163760.7905076,"(0.1898362636566162, 0.7680084705352783)","(0.20983459055423737, 0.759202778339386)",4.8011322021484375,1,4.5222320556640625,1
1611163760.8443635,"(0.19142800569534302, 0.7653444409370422)","(0.21574510633945465, 0.7599017024040222)",4.7925262451171875,1,4.510894775390625,1
1611163760.8972218,"(0.19304054975509644, 0.7686549425125122)","(0.21721386909484863, 0.7556397318840027)",4.7907257080078125,1,4.499114990234375,1
1611163760.9510806,"(0.19199350476264954, 0.7726641893386841)","(0.2212001383304596, 0.7525530457496643)",4.7830810546875,1,4.4930267333984375,1
1611163761.00294,"(0.1925089806318283, 0.7714369297027588)","(0.21930848062038422, 0.7536267638206482)",4.775115966796875,1,4.4862213134765625,1
1611163761.0567627,"(0.19353167712688446, 0.7719336748123169)","(0.21782121062278748, 0.7541895508766174)",4.76422119140625,1,4.4822235107421875,1
1611163761.0907052,"(0.19449463486671448, 0.771697998046875)","(0.21674247086048126, 0.7521237134933472)",4.7554779052734375,1,4.473297119140625,1
1611163761.1385715,"(0.19598475098609924, 0.7722895741462708)","(0.21728390455245972, 0.7538264989852905)",4.749603271484375,1,4.4614105224609375,1
1611163761.192436,"(0.19437244534492493, 0.7761645317077637)","(0.2174423336982727, 0.7530764937400818)",4.736541748046875,1,4.4500274658203125,1
1611163761.2442605,"(0.19711437821388245, 0.7785502672195435)","(0.21725910902023315, 0.7541331052780151)",4.741668701171875,1,4.43896484375,1
1611163761.2971528,"(0.19581273198127747, 0.7797569036483765)","(0.21867015957832336, 0.7533725500106812)",4.7252960205078125,1,4.420013427734375,1
1611163761.3500109,"(0.19424980878829956, 0.7695987820625305)","(0.22066974639892578, 0.7565951943397522)",4.71478271484375,1,4.4076080322265625,1
1611163761.379931,"(0.18990777432918549, 0.7647953629493713)","(0.22034166753292084, 0.7621493935585022)",4.6966094970703125,1,4.4022979736328125,1
1611163761.4337869,"(0.1907721906900406, 0.7656868100166321)","(0.21912792325019836, 0.7620849609375)",4.68475341796875,1,4.387359619140625,1
1611163761.4686892,"(0.19208553433418274, 0.7735992670059204)","(0.2194608449935913, 0.7603306770324707)",4.67303466796875,1,4.3777618408203125,1
1611163761.5215518,"(0.19476628303527832, 0.7745132446289062)","(0.22241495549678802, 0.7570056915283203)",4.6699066162109375,1,4.3677520751953125,1
1611163761.5744128,"(0.19429339468479156, 0.7771691083908081)","(0.22205092012882233, 0.7540128827095032)",4.654876708984375,1,4.3545074462890625,1
1611163761.6093173,"(0.19400657713413239, 0.7747491002082825)","(0.22108939290046692, 0.7526577711105347)",4.642913818359375,1,4.3441314697265625,1
1611163761.6611793,"(0.19598287343978882, 0.7787699699401855)","(0.2204125076532364, 0.7535402774810791)",4.632080078125,1,4.32952880859375,1
1611163761.7070558,"(0.19522938132286072, 0.7749748826026917)","(0.21945343911647797, 0.7572337985038757)",4.623504638671875,1,4.311737060546875,1
1611163761.7609127,"(0.1931489109992981, 0.778269350528717)","(0.2191443145275116, 0.7585440278053284)",4.6113739013671875,1,4.3030242919921875,1
1611163761.812776,"(0.18915654718875885, 0.7737120985984802)","(0.21698029339313507, 0.7582232356071472)",4.593414306640625,1,4.2969818115234375,1
1611163761.8656328,"(0.1897043138742447, 0.7756130695343018)","(0.2185410112142563, 0.7582462430000305)",4.582366943359375,1,4.2779541015625,1
1611163761.9174936,"(0.18909695744514465, 0.7730810642242432)","(0.2181732952594757, 0.7564252018928528)",4.58148193359375,1,4.2677001953125,1
1611163761.9713492,"(0.1932155042886734, 0.7735157012939453)","(0.22039847075939178, 0.7560663819313049)",4.5824127197265625,1,4.25701904296875,1
1611163762.002268,"(0.19213451445102692, 0.7759778499603271)","(0.21947424113750458, 0.75312739610672)",4.5699615478515625,1,4.250030517578125,1
1611163762.0541284,"(0.1937345564365387, 0.778145968914032)","(0.21894726157188416, 0.7547498345375061)",4.5623779296875,1,4.240509033203125,1
1611163762.1069872,"(0.18144330382347107, 0.7798126339912415)","(0.20949523150920868, 0.7592860460281372)",4.55096435546875,1,4.2331695556640625,1
1611163762.1598134,"(0.1691889464855194, 0.7829496264457703)","(0.19207128882408142, 0.7619988918304443)",4.54803466796875,1,4.2195587158203125,1
1611163762.2127037,"(0.1639314740896225, 0.7810598015785217)","(0.18830282986164093, 0.7614548802375793)",4.53936767578125,1,4.2140350341796875,1
1611163762.2655292,"(0.1639241725206375, 0.7778328657150269)","(0.19082723557949066, 0.7574285268783569)",4.5260162353515625,1,4.213836669921875,1
1611163762.3114066,"(0.16768726706504822, 0.773580014705658)","(0.19756723940372467, 0.7575172185897827)",4.5293121337890625,1,4.21270751953125,1
1611163762.3643003,"(0.16601166129112244, 0.7744840383529663)","(0.19451333582401276, 0.7546801567077637)",4.5276031494140625,1,4.2076263427734375,1
1611163762.417158,"(0.1652846336364746, 0.776253879070282)","(0.19423118233680725, 0.7540911436080933)",4.534332275390625,1,4.20721435546875,1
1611163762.4520588,"(0.16525311768054962, 0.7761490345001221)","(0.19368593394756317, 0.7556882500648499)",4.5313720703125,1,4.2049407958984375,1
1611163762.5039253,"(0.1639653444290161, 0.7747700810432434)","(0.19296793639659882, 0.7575919032096863)",4.5314788818359375,1,4.202239990234375,1
1611163762.5567834,"(0.16447818279266357, 0.7719277739524841)","(0.191542387008667, 0.7600365281105042)",4.53131103515625,1,4.1996917724609375,1
1611163762.6146305,"(0.16262385249137878, 0.7710524797439575)","(0.19026193022727966, 0.7577000260353088)",4.530242919921875,1,4.1963043212890625,1
1611163762.662502,"(0.16252033412456512, 0.7712291479110718)","(0.19168700277805328, 0.7578049302101135)",4.531463623046875,1,4.2028656005859375,1
1611163762.6964107,"(0.16219943761825562, 0.7738171815872192)","(0.1917622685432434, 0.7585405111312866)",4.527130126953125,1,4.198944091796875,1
1611163762.749274,"(0.1617344319820404, 0.7776160836219788)","(0.1920374631881714, 0.7605528235435486)",4.525543212890625,1,4.1929168701171875,1
1611163762.8031144,"(0.1594083160161972, 0.7790118455886841)","(0.18973909318447113, 0.7597303986549377)",4.5201568603515625,1,4.186126708984375,1
1611163762.8549812,"(0.16028816998004913, 0.7798537611961365)","(0.1879594326019287, 0.7585903406143188)",4.523162841796875,1,4.1880645751953125,1
1611163762.9079778,"(0.16100889444351196, 0.7794269919395447)","(0.1877603530883789, 0.7562183141708374)",4.5197601318359375,1,4.184539794921875,1
1611163762.9598455,"(0.16444437205791473, 0.7815009355545044)","(0.19128702580928802, 0.7549994587898254)",4.52142333984375,1,4.1797943115234375,1
1611163763.0127006,"(0.1815846711397171, 0.7780181765556335)","(0.2155325710773468, 0.7522186040878296)",4.513458251953125,1,4.166778564453125,1
1611163763.064562,"(0.1952085942029953, 0.777239203453064)","(0.29056277871131897, 0.7437257766723633)",4.5158843994140625,1,4.17279052734375,1
1611163763.117422,"(0.30050525069236755, 0.7477733492851257)","(0.356997549533844, 0.7387742400169373)",4.521636962890625,1,4.170806884765625,1
1611163763.1702793,"(0.3663732409477234, 0.7430503368377686)","(0.3918675482273102, 0.7376236319541931)",4.5475921630859375,1,4.1746978759765625,1
1611163763.2231052,"(0.36265045404434204, 0.7395909428596497)","(0.4020911753177643, 0.7390027046203613)",4.523895263671875,1,4.162872314453125,1
1611163763.2759964,"(0.36392977833747864, 0.7367070317268372)","(0.39914581179618835, 0.7402428388595581)",4.51837158203125,1,4.1689910888671875,1
1611163763.3228378,"(0.3662768602371216, 0.7328162789344788)","(0.40113455057144165, 0.7449432611465454)",4.50689697265625,1,4.1718292236328125,1
1611163763.3747327,"(0.3710009753704071, 0.7326846718788147)","(0.41040781140327454, 0.7428638339042664)",4.5055389404296875,1,4.175323486328125,1
1611163763.4285884,"(0.37110158801078796, 0.733747124671936)","(0.40853142738342285, 0.7360005974769592)",4.5050506591796875,1,4.1558837890625,1
1611163763.4824462,"(0.3705870509147644, 0.7362477779388428)","(0.4099253714084625, 0.7319713234901428)",4.5027923583984375,1,4.147857666015625,1
1611163763.5353048,"(0.37139078974723816, 0.7344863414764404)","(0.4093562066555023, 0.7336671948432922)",4.4978485107421875,1,4.1413726806640625,1
1611163763.5951433,"(0.37058714032173157, 0.7354938387870789)","(0.40980803966522217, 0.7363097667694092)",4.4918365478515625,1,4.143768310546875,1
1611163763.6430144,"(0.37268322706222534, 0.733348548412323)","(0.40822237730026245, 0.7380414009094238)",4.4817962646484375,1,4.150421142578125,1
1611163763.7008271,"(0.3724147379398346, 0.7330993413925171)","(0.4091776907444, 0.7389726042747498)",4.4742889404296875,1,4.1416015625,1
1611163763.7477012,"(0.37605857849121094, 0.7370630502700806)","(0.4096626341342926, 0.7411277890205383)",4.4826812744140625,1,4.14453125,1
1611163763.7985983,"(0.37454336881637573, 0.73707115650177)","(0.4119373857975006, 0.7385691404342651)",4.4755096435546875,1,4.131683349609375,1
1611163763.8285184,"(0.3756910264492035, 0.7411550283432007)","(0.41222840547561646, 0.7357341647148132)",4.466339111328125,1,4.120697021484375,1
1611163763.882377,"(0.3765546679496765, 0.738118588924408)","(0.411105751991272, 0.7362339496612549)",4.4427490234375,1,4.106353759765625,1
1611163763.9352365,"(0.3779410719871521, 0.7377930283546448)","(0.4093567132949829, 0.7407748103141785)",4.440765380859375,1,4.106658935546875,1
1611163763.9770877,"(0.37794241309165955, 0.7357633709907532)","(0.40868040919303894, 0.7447158694267273)",4.4269561767578125,1,4.095794677734375,1
1611163764.0279806,"(0.3753964602947235, 0.7335327863693237)","(0.4081219732761383, 0.7418799996376038)",4.4156646728515625,1,4.0857696533203125,1
1611163764.0758498,"(0.37478041648864746, 0.7302061319351196)","(0.4075566828250885, 0.7377454042434692)",4.40325927734375,1,4.0710296630859375,1
1611163764.1297078,"(0.37540093064308167, 0.7300920486450195)","(0.40857699513435364, 0.7355557084083557)",4.393280029296875,1,4.0637664794921875,1
1611163764.1815693,"(0.37606358528137207, 0.7285541296005249)","(0.41059932112693787, 0.7374719381332397)",4.38116455078125,1,4.0565032958984375,1
1611163764.235429,"(0.3758378028869629, 0.7311733365058899)","(0.4106351435184479, 0.7376264929771423)",4.3751678466796875,1,4.052978515625,1
1611163764.2813025,"(0.3749806582927704, 0.7311845421791077)","(0.41053247451782227, 0.7403465509414673)",4.366058349609375,1,4.0422515869140625,1
1611163764.334161,"(0.3763617277145386, 0.7302100658416748)","(0.4101884961128235, 0.7395534515380859)",4.3607025146484375,1,4.049346923828125,1
1611163764.3920062,"(0.377218633890152, 0.7306014895439148)","(0.40910351276397705, 0.7392145991325378)",4.352752685546875,1,4.0411376953125,1
1611163764.4508502,"(0.3784741461277008, 0.7302888035774231)","(0.40912064909935, 0.736735463142395)",4.344512939453125,1,4.0323944091796875,1
1611163764.4967265,"(0.3783019483089447, 0.73448246717453)","(0.4104105830192566, 0.7428002953529358)",4.33502197265625,1,4.0328826904296875,1
1611163764.5505831,"(0.3778493404388428, 0.7326322197914124)","(0.41098737716674805, 0.7429232597351074)",4.33172607421875,1,4.0311431884765625,1
1611163764.6024458,"(0.3767361044883728, 0.7327184081077576)","(0.40976956486701965, 0.7441051006317139)",4.328704833984375,1,4.0225982666015625,1
1611163764.6562724,"(0.37572306394577026, 0.7297722697257996)","(0.40778276324272156, 0.7376736402511597)",4.32904052734375,1,4.0064239501953125,1
1611163764.6912067,"(0.37644991278648376, 0.7322618961334229)","(0.4072783887386322, 0.7392532229423523)",4.327728271484375,1,4.0078125,1
1611163764.7510462,"(0.3782898187637329, 0.7339447140693665)","(0.40956228971481323, 0.7350732684135437)",4.3235015869140625,1,4.0032958984375,1
1611163764.8088968,"(0.37992802262306213, 0.738866925239563)","(0.4122065305709839, 0.7349494695663452)",4.3235321044921875,1,3.9980010986328125,1
1611163764.8617551,"(0.37996906042099, 0.7381048202514648)","(0.41268277168273926, 0.7290768027305603)",4.3189849853515625,1,3.9940338134765625,1
1611163764.9146147,"(0.37869730591773987, 0.7362750172615051)","(0.4106654226779938, 0.7323116064071655)",4.3162078857421875,1,3.9910125732421875,1
1611163764.9674726,"(0.37712037563323975, 0.7316884994506836)","(0.4061901569366455, 0.7340458035469055)",4.3066864013671875,1,3.9961700439453125,1
1611163765.0023816,"(0.37650009989738464, 0.7312082052230835)","(0.40473559498786926, 0.7363697290420532)",4.3076934814453125,1,4.0039520263671875,1
1611163765.0442624,"(0.37676435708999634, 0.7316825985908508)","(0.4067392349243164, 0.7354041337966919)",4.307830810546875,1,4.0032806396484375,1
1611163765.0901394,"(0.37733468413352966, 0.730375349521637)","(0.41035622358322144, 0.7320756316184998)",4.3106536865234375,1,4.0014801025390625,1
1611163765.1300411,"(0.37734854221343994, 0.7309399247169495)","(0.4093673527240753, 0.7309757471084595)",4.3114013671875,1,3.991607666015625,1
1611163765.1838934,"(0.37708619236946106, 0.7260422706604004)","(0.4071653187274933, 0.7286483645439148)",4.3124847412109375,1,3.9913787841796875,1
1611163765.2307682,"(0.3791566789150238, 0.7215884327888489)","(0.4073421359062195, 0.7285313606262207)",4.310333251953125,1,3.9976348876953125,1
1611163765.27864,"(0.3895731568336487, 0.6809093356132507)","(0.4264964461326599, 0.683517336845398)",4.3068695068359375,1,3.990386962890625,1
1611163765.3324978,"(0.41243642568588257, 0.6064936518669128)","(0.459414005279541, 0.585350751876831)",4.30584716796875,1,3.9927978515625,1
1611163765.385357,"(0.4285103380680084, 0.5433179140090942)","(0.47329965233802795, 0.5365324020385742)",4.2996673583984375,1,4.0096282958984375,1
1611163765.4332278,"(0.43437033891677856, 0.5234766602516174)","(0.47573599219322205, 0.5136122703552246)",4.2977447509765625,1,4.0181427001953125,1
1611163765.4850845,"(0.43480998277664185, 0.5265897512435913)","(0.47252827882766724, 0.5150023698806763)",4.29461669921875,1,4.01312255859375,1
1611163765.5379488,"(0.4378233850002289, 0.526809811592102)","(0.4718349277973175, 0.518527090549469)",4.2963104248046875,1,4.0330810546875,1
1611163765.5957923,"(0.4410240352153778, 0.522131621837616)","(0.4733251631259918, 0.5152880549430847)",4.2942657470703125,1,4.03125,1
1611163765.6306982,"(0.44268015027046204, 0.5180624127388)","(0.4727557599544525, 0.5133656859397888)",4.29644775390625,1,4.03472900390625,1
1611163765.6785705,"(0.4449939429759979, 0.5169765949249268)","(0.4728546142578125, 0.5113508105278015)",4.3031463623046875,1,4.02349853515625,1
1611163765.7254467,"(0.445333868265152, 0.5169119238853455)","(0.4732714593410492, 0.5095547437667847)",4.300506591796875,1,4.020599365234375,1
1611163765.7783048,"(0.44754213094711304, 0.516830563545227)","(0.473747581243515, 0.5073640942573547)",4.296142578125,1,4.0217742919921875,1
1611163765.8321598,"(0.44565069675445557, 0.5170356631278992)","(0.4739430546760559, 0.5042271018028259)",4.2939453125,1,4.01861572265625,1
1611163765.8860157,"(0.44553107023239136, 0.5192186832427979)","(0.4754970669746399, 0.5046277046203613)",4.2952117919921875,1,4.0205841064453125,1
1611163765.9398396,"(0.4437127709388733, 0.5210444331169128)","(0.4764222502708435, 0.5025439262390137)",4.2921600341796875,1,4.0220184326171875,1
1611163765.9727843,"(0.4460354745388031, 0.520092785358429)","(0.47688156366348267, 0.5006258487701416)",4.285308837890625,1,4.02191162109375,1
1611163766.001707,"(0.44661056995391846, 0.519280731678009)","(0.4756910502910614, 0.5005661249160767)",4.277496337890625,1,4.022918701171875,1
1611163766.0545623,"(0.4472590982913971, 0.5156170725822449)","(0.4748505651950836, 0.5035539269447327)",4.27734375,1,4.0256195068359375,1
1611163766.1074228,"(0.44966694712638855, 0.4967613220214844)","(0.48032519221305847, 0.48801228404045105)",4.2760009765625,1,4.028961181640625,1
1611163766.1612747,"(0.45814570784568787, 0.43356794118881226)","(0.4919974207878113, 0.43440482020378113)",4.2744903564453125,1,4.024993896484375,1
1611163766.1951864,"(0.47291573882102966, 0.36441051959991455)","(0.5099749565124512, 0.3400827646255493)",4.26617431640625,1,4.024993896484375,1
1611163766.2480426,"(0.478159636259079, 0.3005503714084625)","(0.5159773230552673, 0.28638824820518494)",4.2648162841796875,1,4.0086212158203125,1
1611163766.2949233,"(0.4795844554901123, 0.2954890727996826)","(0.5154289603233337, 0.2694105803966522)",4.2550811767578125,1,4.0040283203125,1
1611163766.3477483,"(0.47873708605766296, 0.2916063964366913)","(0.5136488080024719, 0.27823615074157715)",4.2593536376953125,1,3.9986419677734375,1
1611163766.4006429,"(0.4804078936576843, 0.3015933334827423)","(0.5133479237556458, 0.2800494134426117)",4.2534637451171875,1,4.00506591796875,1
1611163766.4365435,"(0.48073434829711914, 0.29770660400390625)","(0.5130192041397095, 0.27391085028648376)",4.246246337890625,1,4.0054168701171875,1
1611163766.489398,"(0.4818880558013916, 0.29952874779701233)","(0.51145339012146, 0.2730771601200104)",4.2419891357421875,1,4.0069732666015625,1
1611163766.5372713,"(0.482092946767807, 0.29908448457717896)","(0.5117729306221008, 0.2723122537136078)",4.230804443359375,1,4.00701904296875,1
1611163766.5731459,"(0.4821600019931793, 0.30274370312690735)","(0.5097647905349731, 0.2737524211406708)",4.231842041015625,1,4.0076141357421875,1
1611163766.6250343,"(0.4828438460826874, 0.3010263741016388)","(0.5095040798187256, 0.2729162871837616)",4.2298583984375,1,4.008331298828125,1
1611163766.6769857,"(0.48291015625, 0.30041825771331787)","(0.5090153813362122, 0.27560511231422424)",4.23681640625,1,4.004119873046875,1
1611163766.7288396,"(0.4825044572353363, 0.29965394735336304)","(0.5096169710159302, 0.27537259459495544)",4.2359619140625,1,4.0025482177734375,1
1611163766.7827008,"(0.48274704813957214, 0.2976848781108856)","(0.5078954100608826, 0.2762645483016968)",4.2353057861328125,1,4.0067596435546875,1
1611163766.834563,"(0.48292276263237, 0.29629552364349365)","(0.5057576298713684, 0.2761830687522888)",4.2295684814453125,1,4.0120849609375,1
1611163766.8804414,"(0.48426660895347595, 0.29256826639175415)","(0.5050340294837952, 0.27592983841896057)",4.2325439453125,1,4.0165557861328125,1
1611163766.9323032,"(0.4838464558124542, 0.2935201823711395)","(0.5056397914886475, 0.2710997462272644)",4.233734130859375,1,4.020843505859375,1
1611163766.9861574,"(0.4849564731121063, 0.2934173345565796)","(0.5063710808753967, 0.2677668035030365)",4.2451019287109375,1,4.0247344970703125,1
1611163767.039017,"(0.48567503690719604, 0.2929384410381317)","(0.5095506906509399, 0.2685260474681854)",4.253265380859375,1,4.026336669921875,1
1611163767.0868876,"(0.4860120117664337, 0.28960520029067993)","(0.5098346471786499, 0.2706683278083801)",4.258697509765625,1,4.025360107421875,1
1611163767.1168075,"(0.48666077852249146, 0.287850022315979)","(0.5094876885414124, 0.27100324630737305)",4.2630615234375,1,4.0248260498046875,1
1611163767.1706634,"(0.4867452383041382, 0.2898739278316498)","(0.5072901844978333, 0.27197203040122986)",4.256744384765625,1,4.0288848876953125,1
1611163767.223489,"(0.486416757106781, 0.2927720248699188)","(0.5064473152160645, 0.27175474166870117)",4.25537109375,1,4.0320892333984375,1
1611163767.2763817,"(0.4828779101371765, 0.2893454432487488)","(0.5069773197174072, 0.27052995562553406)",4.25079345703125,1,4.0319671630859375,1
1611163767.3282459,"(0.4825224280357361, 0.28596898913383484)","(0.5071934461593628, 0.2689260244369507)",4.2610321044921875,1,4.0299530029296875,1
1611163767.3811002,"(0.4831031858921051, 0.2836705148220062)","(0.5080381631851196, 0.2704053223133087)",4.2723236083984375,1,4.0321044921875,1
1611163767.4339268,"(0.48457005620002747, 0.28491008281707764)","(0.507893979549408, 0.2743496000766754)",4.2776336669921875,1,4.0374755859375,1
1611163767.4628775,"(0.48450034856796265, 0.2891205847263336)","(0.5086197257041931, 0.27866119146347046)",4.2781829833984375,1,4.0476531982421875,1
1611163767.5107539,"(0.4842626750469208, 0.2885453999042511)","(0.5088876485824585, 0.2765476703643799)",4.2836761474609375,1,4.0493621826171875,1
1611163767.5616174,"(0.4845643639564514, 0.28575897216796875)","(0.5096668004989624, 0.27583441138267517)",4.291259765625,1,4.0472259521484375,1
1611163767.6154778,"(0.4860658645629883, 0.2823871374130249)","(0.5078458786010742, 0.27572792768478394)",4.2995758056640625,1,4.0463409423828125,1
1611163767.655371,"(0.48505961894989014, 0.28202566504478455)","(0.5069071650505066, 0.2777389585971832)",4.3040771484375,1,4.0536346435546875,1
1611163767.7092233,"(0.4849447011947632, 0.2773372232913971)","(0.5057628750801086, 0.2790718972682953)",4.30859375,1,4.0562744140625,1
1611163767.7630787,"(0.4834021031856537, 0.27761489152908325)","(0.5074207186698914, 0.2771129906177521)",4.3119964599609375,1,4.0544281005859375,1
1611163767.8159375,"(0.4836879372596741, 0.28062957525253296)","(0.5079576373100281, 0.2764149308204651)",4.320892333984375,1,4.0566253662109375,1
1611163767.8687963,"(0.48479586839675903, 0.28337720036506653)","(0.5082119107246399, 0.27477768063545227)",4.3285064697265625,1,4.063934326171875,1
1611163767.9166687,"(0.48409751057624817, 0.2847164273262024)","(0.5073818564414978, 0.27656450867652893)",4.335205078125,1,4.0730133056640625,1
1611163767.9705238,"(0.48337113857269287, 0.28591468930244446)","(0.5068864226341248, 0.27741625905036926)",4.3410797119140625,1,4.07733154296875,1
1611163768.0233505,"(0.48366984724998474, 0.28555938601493835)","(0.5071510672569275, 0.27852216362953186)",4.345916748046875,1,4.0797271728515625,1
1611163768.0762367,"(0.48367249965667725, 0.28535112738609314)","(0.5057742595672607, 0.2798365652561188)",4.353424072265625,1,4.08880615234375,1
1611163768.128098,"(0.4847029149532318, 0.2826668620109558)","(0.5055418014526367, 0.2794279158115387)",4.3574371337890625,1,4.0977630615234375,1
1611163768.1739805,"(0.48404499888420105, 0.28240540623664856)","(0.5060465931892395, 0.27865564823150635)",4.366363525390625,1,4.1044158935546875,1
1611163768.2218194,"(0.4831271171569824, 0.28271007537841797)","(0.5062364935874939, 0.27348941564559937)",4.36663818359375,1,4.1046600341796875,1
1611163768.2727182,"(0.48289984464645386, 0.2841649353504181)","(0.5064628720283508, 0.2745065689086914)",4.3747406005859375,1,4.111053466796875,1
1611163768.3255801,"(0.48124316334724426, 0.28338953852653503)","(0.5049866437911987, 0.2707543969154358)",4.3817138671875,1,4.1085357666015625,1
1611163768.3784337,"(0.48270517587661743, 0.2814163565635681)","(0.5065962076187134, 0.2755020260810852)",4.3883819580078125,1,4.1212615966796875,1
1611163768.4322906,"(0.48320072889328003, 0.27757948637008667)","(0.5068905353546143, 0.27381011843681335)",4.3925323486328125,1,4.127960205078125,1
1611163768.486141,"(0.48625364899635315, 0.27660539746284485)","(0.5073754191398621, 0.2761215269565582)",4.38873291015625,1,4.136383056640625,1
1611163768.538006,"(0.48635244369506836, 0.2811364233493805)","(0.5079391598701477, 0.2744983732700348)",4.3899688720703125,1,4.1320037841796875,1
1611163768.5918634,"(0.919249415397644, 0.01386371161788702)","(0.9121888875961304, 0.07587119936943054)",4.3531646728515625,1,4.0337677001953125,1
1611163768.6437235,"(0.9192149043083191, 0.01341462042182684)","(0.9128987193107605, 0.0751340389251709)",4.3543853759765625,1,4.04156494140625,1
1611163768.691563,"(0.9198706746101379, 0.012583817355334759)","(0.9134863018989563, 0.07359053194522858)",4.3556365966796875,1,4.046600341796875,1
1611163768.7444217,"(0.9188510179519653, 0.011289778165519238)","(0.9123084545135498, 0.07179707288742065)",4.3613128662109375,1,4.0547637939453125,1
1611163768.7953131,"(0.9193698167800903, 0.01093309372663498)","(0.912684977054596, 0.0725393295288086)",4.3625335693359375,1,4.060943603515625,1
1611163768.8491745,"(0.919822096824646, 0.010447494685649872)","(0.9127688407897949, 0.07207965850830078)",4.3691558837890625,1,4.071502685546875,1
1611163768.9000423,"(0.9211397767066956, 0.010530391708016396)","(0.9137619137763977, 0.07260019332170486)",4.370391845703125,1,4.075439453125,1
1611163768.9479058,"(0.922931969165802, 0.00860529113560915)","(0.913786768913269, 0.07264196872711182)",4.373992919921875,1,4.082794189453125,1
1611163768.9937887,"(0.9232167601585388, 0.007670131977647543)","(0.9146285057067871, 0.07223902642726898)",4.37762451171875,1,4.09039306640625,1
1611163769.0476437,"(0.9241571426391602, 0.006605985574424267)","(0.9142071008682251, 0.07356332242488861)",4.383941650390625,1,4.0966949462890625,1
1611163769.0935209,"(0.9247580170631409, 0.005067314486950636)","(0.9148009419441223, 0.07214569300413132)",4.387725830078125,1,4.0951385498046875,1
1611163769.1403632,"(0.9252318739891052, 0.0035872492007911205)","(0.915686309337616, 0.07260485738515854)",4.3903350830078125,1,4.10150146484375,1
1611163769.19829,"(0.9279918074607849, 0.0013890332775190473)","(0.9144566059112549, 0.07005730271339417)",4.3948211669921875,1,4.0997772216796875,1
1611163769.252146,"(0.9279237389564514, 0.002327786758542061)","(0.9143865704536438, 0.07066567242145538)",4.396209716796875,1,4.107757568359375,1
1611163769.3040097,"(0.9284085631370544, 0.0016691217897459865)","(0.915995717048645, 0.06702076643705368)",4.398284912109375,1,4.111480712890625,1
1611163769.3568604,"(0.9287241697311401, 0.0002506663731765002)","(0.917185366153717, 0.06697679311037064)",4.3948974609375,1,4.109344482421875,1
1611163769.4047046,"(0.9295225143432617, -0.0001482444495195523)","(0.9188095331192017, 0.06800229847431183)",4.3914337158203125,1,4.1017303466796875,1
1611163769.4396439,"(0.930479109287262, -0.0005985544412396848)","(0.9172598123550415, 0.06767123192548752)",4.3898468017578125,1,4.1038665771484375,1
1611163769.4935045,"(0.9246537089347839, 0.001830871100537479)","(0.9159554243087769, 0.06981244683265686)",4.3911590576171875,1,4.1026763916015625,1
1611163769.546361,"(0.9215845465660095, 0.005040463991463184)","(0.9151178002357483, 0.08943501114845276)",4.39251708984375,1,4.104034423828125,1
1611163769.6002142,"(0.8202488422393799, 0.005267301574349403)","(0.9224880337715149, 0.06857892870903015)",4.3972320556640625,1,4.16900634765625,1
1611163769.654071,"(0.670061469078064, 0.0031887220684438944)","(nan, nan)",4.376739501953125,0,nan,0
1611163769.700945,"(0.6346688270568848, 0.01688135229051113)","(0.6082155108451843, 0.020227406173944473)",4.3719329833984375,1,4.12493896484375,1
1611163769.7538035,"(0.5498622059822083, 0.038026414811611176)","(0.5643010139465332, 0.04195110872387886)",4.3557891845703125,1,4.1169891357421875,1
1611163769.7956915,"(0.5158051252365112, 0.057387564331293106)","(0.5276182293891907, 0.05519203096628189)",4.3531341552734375,1,4.1261749267578125,1
1611163769.8485515,"(0.41423702239990234, 0.07907290011644363)","(0.4576205611228943, 0.06808207184076309)",4.33892822265625,1,4.1328277587890625,1
1611163769.8844538,"(0.304887056350708, 0.10006729513406754)","(0.3773159682750702, 0.08842505514621735)",4.305816650390625,1,4.1307220458984375,1
1611163769.9383101,"(0.304887056350708, 0.10006729513406754)","(0.3525799512863159, 0.08884129673242569)",4.305816650390625,1,4.123504638671875,1
1611163769.9921672,"(0.24840550124645233, 0.1059890165925026)","(0.2901100814342499, 0.09579945355653763)",4.2868499755859375,1,4.10687255859375,1
1611163770.0510087,"(0.18853211402893066, 0.10848141461610794)","(0.21778978407382965, 0.08105173707008362)",4.266204833984375,1,4.082550048828125,1
1611163770.1108494,"(0.18853211402893066, 0.10848141461610794)","(0.21778978407382965, 0.08105173707008362)",4.266204833984375,1,4.082550048828125,1
1611163770.163712,"(0.13786885142326355, 0.10678049921989441)","(0.16180673241615295, 0.07946877926588058)",4.2703704833984375,1,4.070709228515625,1
1611163770.198582,"(0.105394147336483, 0.10643699765205383)","(0.1053064838051796, 0.06969038397073746)",4.248504638671875,1,4.0703582763671875,1
1611163770.2564545,"(0.105394147336483, 0.10643699765205383)","(0.10867098718881607, 0.06991494446992874)",4.248504638671875,1,4.072723388671875,1
1611163770.3143,"(0.1108957976102829, 0.10601954162120819)","(0.10927485674619675, 0.06812749058008194)",4.240203857421875,1,4.0735626220703125,1
1611163770.3372386,"(0.10637558996677399, 0.11132368445396423)","(0.110593281686306, 0.0684259906411171)",4.246063232421875,1,4.0693817138671875,1
1611163770.3761404,"(0.10637558996677399, 0.11132368445396423)","(0.10720919817686081, 0.0671217069029808)",4.246063232421875,1,4.07025146484375,1
1611163770.4299953,"(0.1066555380821228, 0.11262444406747818)","(0.10600940138101578, 0.06548260152339935)",4.2470703125,1,4.06976318359375,1
1611163770.4589176,"(0.10623127967119217, 0.1110374853014946)","(0.10426639765501022, 0.06759502738714218)",4.23858642578125,1,4.06982421875,1
1611163770.5117764,"(0.11203918606042862, 0.12429949641227722)","(0.10422655940055847, 0.07058477401733398)",4.2188873291015625,1,4.0657806396484375,1
1611163770.5466828,"(0.11092079430818558, 0.12338422983884811)","(0.10457511991262436, 0.07200589776039124)",4.2201690673828125,1,4.0644989013671875,1
1611163770.6005392,"(0.11058343201875687, 0.12234146147966385)","(0.10515425354242325, 0.07281811535358429)",4.2199249267578125,1,4.0626068115234375,1
1611163770.6414294,"(0.10411930084228516, 0.10821398347616196)","(0.10507006198167801, 0.06983873248100281)",4.2400360107421875,1,4.065399169921875,1
1611163770.7012699,"(0.10427500307559967, 0.10694877058267593)","(0.10505805909633636, 0.06948522478342056)",4.2415008544921875,1,4.061676025390625,1
1611163770.7362888,"(0.10613982379436493, 0.10380606353282928)","(0.10551898181438446, 0.06927334517240524)",4.241363525390625,1,4.0571441650390625,1
1611163770.7841601,"(0.10613982379436493, 0.10380606353282928)","(0.10597801208496094, 0.07052373886108398)",4.241363525390625,1,4.0529937744140625,1
1611163770.8360264,"(0.10646283626556396, 0.10527431964874268)","(0.10619859397411346, 0.06900458037853241)",4.236907958984375,1,4.0536956787109375,1
1611163770.888885,"(0.10223156213760376, 0.10936055332422256)","(0.10419321805238724, 0.06773918867111206)",4.2373046875,1,4.054046630859375,1
1611163770.939744,"(0.0845276415348053, 0.10718360543251038)","(0.10324405878782272, 0.06663577258586884)",4.2249755859375,1,4.050201416015625,1
1611163770.9995897,"(0.06873100996017456, 0.10843593627214432)","(0.07734191417694092, 0.06700178235769272)",4.2240753173828125,1,4.042694091796875,1
1611163771.0346143,"(0.06000291928648949, 0.11295884102582932)","(0.057997655123472214, 0.057400621473789215)",4.2092132568359375,1,4.040618896484375,1
1611163771.0814848,"(0.061154622584581375, 0.1030934602022171)","(0.05894153192639351, 0.059054695069789886)",4.2144775390625,1,4.0455169677734375,1
1611163771.1283603,"(0.062033601105213165, 0.10442992299795151)","(0.06229798495769501, 0.05680088326334953)",4.2154388427734375,1,4.04595947265625,1
1611163771.1812263,"(0.059543877840042114, 0.1064440906047821)","(0.060496632009744644, 0.058473117649555206)",4.2193145751953125,1,4.0434417724609375,1
1611163771.2340853,"(0.05869503319263458, 0.10826051235198975)","(0.059818413108587265, 0.05650140345096588)",4.2200775146484375,1,4.036529541015625,1
1611163771.286907,"(0.05759942904114723, 0.1076882928609848)","(0.06013629585504532, 0.056069985032081604)",4.2214202880859375,1,4.04119873046875,1
1611163771.3218462,"(0.05776960030198097, 0.10840930789709091)","(0.059800729155540466, 0.05589824914932251)",4.2230072021484375,1,4.043914794921875,1
1611163771.3747077,"(0.05805204436182976, 0.1121014878153801)","(0.05887843295931816, 0.05461132898926735)",4.226654052734375,1,4.0517578125,1
1611163771.4105756,"(0.05660710483789444, 0.11317085474729538)","(0.05873613432049751, 0.052964288741350174)",4.2308502197265625,1,4.0545806884765625,1
1611163771.4504979,"(0.05614473670721054, 0.11314793676137924)","(0.057726431638002396, 0.0527920238673687)",4.235809326171875,1,4.0609130859375,1
1611163771.4864013,"(0.05943220853805542, 0.1186114102602005)","(0.058065153658390045, 0.051403824239969254)",4.2305145263671875,1,4.0689544677734375,1
1611163771.5402298,"(0.05914312228560448, 0.11748594045639038)","(0.059050217270851135, 0.05057758092880249)",4.2351837158203125,1,4.073272705078125,1
1611163771.5921235,"(0.058851584792137146, 0.11583957076072693)","(0.0595703199505806, 0.048399750143289566)",4.2388763427734375,1,4.0767669677734375,1
1611163771.6399622,"(0.05932830646634102, 0.11761509627103806)","(0.058745190501213074, 0.047968603670597076)",4.244415283203125,1,4.0803985595703125,1
1611163771.6739006,"(0.05784553289413452, 0.11654913425445557)","(0.057842057198286057, 0.04743143171072006)",4.248199462890625,1,4.0818939208984375,1
1611163771.7277555,"(0.05821859836578369, 0.11613258719444275)","(0.05781219154596329, 0.046861693263053894)",4.2514190673828125,1,4.08856201171875,1
1611163771.7806146,"(0.05652736499905586, 0.11239046603441238)","(0.05798345431685448, 0.04561620578169823)",4.2566680908203125,1,4.090545654296875,1
1611163771.8304527,"(0.055803194642066956, 0.10605975240468979)","(0.055342596024274826, 0.041273050010204315)",4.257659912109375,1,4.095245361328125,1
1611163771.8713772,"(0.05284425616264343, 0.09992770105600357)","(0.04908135160803795, 0.0254143625497818)",4.2564544677734375,1,4.1003265380859375,1
1611163771.9012964,"(0.05216359347105026, 0.09996623545885086)","(0.045577581971883774, 0.019783105701208115)",4.2612152099609375,1,4.100341796875,1
1611163771.9312165,"(0.0535501204431057, 0.0986015722155571)","(0.04723566025495529, 0.01757541112601757)",4.2576751708984375,1,4.1031036376953125,1
1611163771.9850767,"(0.05227062478661537, 0.10232432931661606)","(0.04992321878671646, 0.019745510071516037)",4.260894775390625,1,4.106353759765625,1
1611163772.0319479,"(0.05227062478661537, 0.10232432931661606)","(0.05032799020409584, 0.017617909237742424)",4.260894775390625,1,4.10894775390625,1
1611163772.05389,"(0.05261215940117836, 0.10081356763839722)","(0.04964001104235649, 0.014864051714539528)",4.2684326171875,1,4.11395263671875,1
1611163772.1077452,"(0.053334299474954605, 0.09972364455461502)","(0.04833636432886124, 0.013056807219982147)",4.2719879150390625,1,4.117523193359375,1
1611163772.1426508,"(0.053334299474954605, 0.09972364455461502)","(0.047069001942873, 0.012672947719693184)",4.2719879150390625,1,4.122772216796875,1
1611163772.1965094,"(0.052469830960035324, 0.09666434675455093)","(0.046133000403642654, 0.012864947319030762)",4.268157958984375,1,4.1219482421875,1
1611163772.230384,"(0.05458591505885124, 0.09637423604726791)","(0.04675411805510521, 0.011326484382152557)",4.2626953125,1,4.1211395263671875,1
1611163772.2832747,"(0.05458591505885124, 0.09637423604726791)","(0.046013396233320236, 0.008451229892671108)",4.2626953125,1,4.124359130859375,1
1611163772.337134,"(0.05406787991523743, 0.09614858776330948)","(0.045762430876493454, 0.010172263719141483)",4.2522125244140625,1,4.128753662109375,1
1611163772.3660488,"(0.051098208874464035, 0.09379733353853226)","(0.04555261507630348, 0.011407867074012756)",4.2541046142578125,1,4.1303863525390625,1
1611163772.4199104,"(0.051098208874464035, 0.09379733353853226)","(0.04522060230374336, 0.006772852037101984)",4.2541046142578125,1,4.13201904296875,1
1611163772.4737322,"(0.05134286358952522, 0.09402818977832794)","(0.044913776218891144, 0.004582596011459827)",4.2621307373046875,1,4.1251678466796875,1
1611163772.5016916,"(0.052066173404455185, 0.09571893513202667)","(0.045928388833999634, 0.0024497301783412695)",4.26129150390625,1,4.1204681396484375,1
1611163772.5356593,"(0.052066173404455185, 0.09571893513202667)","(0.04654938727617264, 0.0036409965250641108)",4.26129150390625,1,4.113067626953125,1
1611163772.588647,"(0.05210470035672188, 0.09212681651115417)","(0.048163458704948425, 0.0006551280966959894)",4.25421142578125,1,4.1143035888671875,1
1611163772.648491,"(0.05156407132744789, 0.09140416979789734)","(0.047675032168626785, -0.0013477433240041137)",4.2498321533203125,1,4.1178741455078125,1
1611163772.7013485,"(0.05156407132744789, 0.09140416979789734)","(0.04761432483792305, -0.0012096756836399436)",4.2498321533203125,1,4.1172943115234375,1
1611163772.7552018,"(0.05231316387653351, 0.08916711807250977)","(0.04720000550150871, -0.003168434137478471)",4.2501678466796875,1,4.11749267578125,1
1611163772.8030744,"(0.05294131487607956, 0.08598147332668304)","(0.04585089534521103, -0.0046866838820278645)",4.25103759765625,1,4.1161041259765625,1
1611163772.8569024,"(0.05294131487607956, 0.08598147332668304)","(0.045919425785541534, -0.005341028794646263)",4.25103759765625,1,4.1133575439453125,1
1611163772.8858247,"(0.05157427117228508, 0.08565177768468857)","(0.04569772630929947, -0.004953355528414249)",4.26214599609375,1,4.109405517578125,1
1611163772.938711,"(0.05265876278281212, 0.0841204822063446)","(0.04488881304860115, -0.006307634525001049)",4.259124755859375,1,4.1087493896484375,1
1611163772.9805987,"(0.05265876278281212, 0.0841204822063446)","(0.04268483445048332, -0.010969660244882107)",4.259124755859375,1,4.1126556396484375,1
1611163773.0344546,"(0.05307311564683914, 0.07948490977287292)","(0.044122114777565, -0.009097492322325706)",4.2513580322265625,1,4.117156982421875,1
1611163773.0633774,"(0.05288104712963104, 0.07815713435411453)","(0.04371298849582672, -0.007720582652837038)",4.251220703125,1,4.116607666015625,1
1611163773.1112497,"(0.05288104712963104, 0.07815713435411453)","(0.04575349763035774, -0.0001731679221848026)",4.251220703125,1,4.10986328125,1
1611163773.1461556,"(0.053479183465242386, 0.07933513820171356)","(0.04452449455857277, -0.002085807267576456)",4.2457275390625,1,4.1118927001953125,1
1611163773.200017,"(0.05236097052693367, 0.07967432588338852)","(0.044852763414382935, -0.0026996738743036985)",4.2406005859375,1,4.110382080078125,1
1611163773.2359204,"(0.05236097052693367, 0.07967432588338852)","(0.04761628434062004, -0.0048574600368738174)",4.2406005859375,1,4.114044189453125,1
1611163773.2897797,"(0.022371264174580574, 0.2230791598558426)","(0.02955830655992031, 0.12495104968547821)",4.25579833984375,1,4.09039306640625,1
1611163773.3436334,"(-0.024843506515026093, 0.36694392561912537)","(0.013385072350502014, 0.3023185729980469)",4.3336181640625,1,4.0847930908203125,1
1611163773.3725522,"(-0.024843506515026093, 0.36694392561912537)","(0.013385072350502014, 0.3023185729980469)",4.3336181640625,1,4.0847930908203125,1
1611163773.4264073,"(0.01200529932975769, 0.8141406178474426)","(0.03121616691350937, 0.828173816204071)",4.3304901123046875,1,4.07586669921875,1
1611163773.473254,"(0.005575974006205797, 0.8555996417999268)","(0.03753941133618355, 0.8813499212265015)",4.2844390869140625,1,4.06121826171875,1
1611163773.507162,"(0.005575974006205797, 0.8555996417999268)","(0.03753941133618355, 0.8813499212265015)",4.2844390869140625,1,4.06121826171875,1
1611163773.5361135,"(0.05185002461075783, 0.9584152698516846)","(0.08192545175552368, 0.966670036315918)",4.2628936767578125,1,4.054718017578125,1
1611163773.58399,"(0.09504241496324539, 1.0406832695007324)","(0.13605158030986786, 1.0620238780975342)",4.254974365234375,1,4.055023193359375,1
1611163773.6378462,"(0.08858279138803482, 1.0405515432357788)","(0.1291421502828598, 1.0520151853561401)",4.2498321533203125,1,4.0613250732421875,1
1611163773.6906722,"(0.09016008675098419, 1.0385422706604004)","(0.1238425150513649, 1.0529226064682007)",4.2472076416015625,1,4.063140869140625,1
1611163773.7445614,"(0.09385979920625687, 1.0392647981643677)","(0.12520891427993774, 1.044677972793579)",4.241668701171875,1,4.05499267578125,1
1611163773.7974198,"(0.09688582271337509, 1.0434496402740479)","(0.12554137408733368, 1.0481423139572144)",4.2311248779296875,1,4.0558624267578125,1
1611163773.8572268,"(0.0973072499036789, 1.0463669300079346)","(0.12631739675998688, 1.0439475774765015)",4.229278564453125,1,4.056121826171875,1
1611163773.9101176,"(0.09863606095314026, 1.0466294288635254)","(0.12457573413848877, 1.0466121435165405)",4.223236083984375,1,4.052398681640625,1
1611163773.9579895,"(0.10059023648500443, 1.047658085823059)","(0.12680943310260773, 1.0494979619979858)",4.22418212890625,1,4.05413818359375,1
1611163774.010848,"(0.10101822763681412, 1.0480915307998657)","(0.1241125613451004, 1.0498391389846802)",4.2153167724609375,1,4.0455474853515625,1
1611163774.0627103,"(0.1039699986577034, 1.0478893518447876)","(0.12211870402097702, 1.0513625144958496)",4.210906982421875,1,4.0423736572265625,1
1611163774.1165657,"(0.10640101134777069, 1.0447144508361816)","(0.11843114346265793, 1.0493766069412231)",4.2037200927734375,1,4.0345611572265625,1
1611163774.1743777,"(0.09716027975082397, 1.0208048820495605)","(0.11378242075443268, 1.0212541818618774)",4.2032928466796875,1,4.0389556884765625,1
1611163774.2272723,"(0.08826819062232971, 0.9845606684684753)","(0.10832587629556656, 0.9612823724746704)",4.198150634765625,1,4.02996826171875,1
1611163774.2791307,"(0.08075111359357834, 0.9557667374610901)","(0.10381852090358734, 0.9324595928192139)",4.199188232421875,1,4.0174102783203125,1
1611163774.3329866,"(0.08247290551662445, 0.959199845790863)","(0.10628525167703629, 0.93685382604599)",4.1949005126953125,1,4.0079498291015625,1
1611163774.3928294,"(0.0818551778793335, 0.9697625637054443)","(0.10489825159311295, 0.9550240635871887)",4.196014404296875,1,4.0083160400390625,1
1611163774.4466834,"(0.08122421056032181, 0.9672097563743591)","(0.10519073903560638, 0.9512070417404175)",4.1940155029296875,1,4.0026397705078125,1
1611163774.5045285,"(0.08213939517736435, 0.9636527299880981)","(0.10279146581888199, 0.9494869112968445)",4.1955108642578125,1,4.0002899169921875,1
1611163774.5563917,"(0.0841260775923729, 0.9614132642745972)","(0.10414184629917145, 0.9409828782081604)",4.19158935546875,1,3.9971466064453125,1
1611163774.5912912,"(0.08477409183979034, 0.9639226794242859)","(0.10484488308429718, 0.9383912682533264)",4.19091796875,1,3.9989776611328125,1
1611163774.6451528,"(0.08435727655887604, 0.9642407894134521)","(0.10566207021474838, 0.9382830858230591)",4.18536376953125,1,4.0018463134765625,1
1611163774.6680906,"(0.0843784511089325, 0.9640118479728699)","(0.1051068976521492, 0.9378601908683777)",4.1827850341796875,1,4.00506591796875,1
1611163774.7219465,"(0.08667105436325073, 0.9612878561019897)","(0.10374283045530319, 0.9374819397926331)",4.1822662353515625,1,4.0075531005859375,1
1611163774.7618077,"(0.08914247900247574, 0.9614522457122803)","(0.1045781672000885, 0.9357491135597229)",4.1916656494140625,1,4.0068206787109375,1
1611163774.7967465,"(0.08971959352493286, 0.9591568112373352)","(0.10286740213632584, 0.9391899108886719)",4.195770263671875,1,4.0088043212890625,1
1611163774.8506024,"(0.09055770933628082, 0.9566465616226196)","(0.1028471291065216, 0.9423512816429138)",4.19873046875,1,4.0103912353515625,1
1611163774.8984747,"(0.08976663649082184, 0.9572892785072327)","(0.1004447340965271, 0.9449103474617004)",4.2013092041015625,1,4.010650634765625,1
1611163774.9503021,"(0.08986002951860428, 0.9560344815254211)","(0.10106385499238968, 0.9436984658241272)",4.2041168212890625,1,4.010040283203125,1
1611163775.0012023,"(0.09681953489780426, 0.958784282207489)","(0.11012803018093109, 0.9460841417312622)",4.200531005859375,1,4.0135955810546875,1
1611163775.0470731,"(0.13502846658229828, 0.9549174308776855)","(0.15505897998809814, 0.9369862675666809)",4.191558837890625,1,4.0245208740234375,1
1611163775.0769956,"(0.2061372548341751, 0.9390121102333069)","(0.26141107082366943, 0.9175428748130798)",4.194915771484375,1,4.043670654296875,1
1611163775.1288562,"(0.2984374761581421, 0.9275485277175903)","(0.3545495569705963, 0.8972023129463196)",4.2114410400390625,1,4.0303192138671875,1
1611163775.182785,"(0.36717134714126587, 0.917607843875885)","(0.42410141229629517, 0.8923438191413879)",4.21380615234375,1,4.0315093994140625,1
1611163775.2346482,"(0.44344469904899597, 0.9162095189094543)","(0.5020394325256348, 0.8985409736633301)",4.2239532470703125,1,4.0235137939453125,1
1611163775.2944536,"(0.472209632396698, 0.9117026925086975)","(0.5156037211418152, 0.9031438827514648)",4.2285308837890625,1,4.0404052734375,1
1611163775.3343866,"(0.4763888418674469, 0.9069737792015076)","(0.5190883874893188, 0.9071593284606934)",4.2344818115234375,1,4.0520782470703125,1
1611163775.3932257,"(0.47413888573646545, 0.90239417552948)","(0.5132617354393005, 0.9032398462295532)",4.2376556396484375,1,4.06134033203125,1
1611163775.4351132,"(0.47873246669769287, 0.9036977291107178)","(0.5174465179443359, 0.9039061069488525)",4.24261474609375,1,4.06353759765625,1
1611163775.4769979,"(0.4804414212703705, 0.9028423428535461)","(0.517460823059082, 0.9003646969795227)",4.247222900390625,1,4.0597381591796875,1
1611163775.5118725,"(0.482850581407547, 0.9026908278465271)","(0.5191915035247803, 0.904107928276062)",4.2566986083984375,1,4.0694580078125,1
1611163775.5637336,"(0.49494534730911255, 0.9030604958534241)","(0.5284423232078552, 0.9050504565238953)",4.258331298828125,1,4.084320068359375,1
1611163775.5986404,"(0.525102436542511, 0.8916320204734802)","(0.5332419276237488, 0.903667151927948)",4.2543792724609375,1,4.0844573974609375,1
1611163775.6514983,"(0.5904313921928406, 0.8699994683265686)","(0.5638967156410217, 0.8911499381065369)",4.2742462158203125,1,4.1084442138671875,1
1611163775.698407,"(0.6486851572990417, 0.8293495774269104)","(0.7494168281555176, 0.8117718696594238)",4.27923583984375,1,4.2091217041015625,1
1611163775.751268,"(0.6782183051109314, 0.8072108030319214)","(0.7395748496055603, 0.8046553730964661)",4.295196533203125,1,4.1683807373046875,1
1611163775.7981348,"(0.6936176419258118, 0.7961135506629944)","(0.7362805008888245, 0.8092525005340576)",4.305328369140625,1,4.1439361572265625,1
1611163775.8509946,"(0.6951805949211121, 0.7991596460342407)","(0.7307959794998169, 0.8144137263298035)",4.30718994140625,1,4.158203125,1
1611163775.8958807,"(0.6998749375343323, 0.798093318939209)","(0.7376847267150879, 0.8224538564682007)",4.2933807373046875,1,4.1607666015625,1
1611163775.9487414,"(0.7039099931716919, 0.7943322658538818)","(0.7420133948326111, 0.8166612386703491)",4.290924072265625,1,4.1609954833984375,1
1611163776.0005982,"(0.7087370157241821, 0.793441653251648)","(0.7428485155105591, 0.8143072724342346)",4.2901611328125,1,4.1515045166015625,1
1611163776.054456,"(0.7089166045188904, 0.7929919958114624)","(0.7409502267837524, 0.8059351444244385)",4.29412841796875,1,4.151123046875,1
1611163776.0783901,"(0.7113025784492493, 0.7911682724952698)","(0.7405127286911011, 0.8105962872505188)",4.2954559326171875,1,4.155181884765625,1
1611163776.129254,"(0.7094890475273132, 0.7958098649978638)","(0.7392511367797852, 0.812045156955719)",4.298370361328125,1,4.1544189453125,1
1611163776.188219,"(0.7096764445304871, 0.7983859181404114)","(0.7397940158843994, 0.8101790547370911)",4.2998199462890625,1,4.1555023193359375,1
1611163776.2410777,"(0.7093446850776672, 0.7987924814224243)","(0.7367022633552551, 0.8064068555831909)",4.2992095947265625,1,4.1592559814453125,1
1611163776.301002,"(0.7086130380630493, 0.7951287627220154)","(0.7364013195037842, 0.8076331615447998)",4.295501708984375,1,4.1693572998046875,1
1611163776.352894,"(0.7095909118652344, 0.795163094997406)","(0.7353660464286804, 0.8130303025245667)",4.296630859375,1,4.1697845458984375,1
1611163776.4067545,"(0.7114787697792053, 0.7931445240974426)","(0.7372121810913086, 0.8131141066551208)",4.292755126953125,1,4.1594085693359375,1
1611163776.4535954,"(0.7369019985198975, 0.7322467565536499)","(0.7617372870445251, 0.7556195855140686)",4.318328857421875,1,4.1475830078125,1
1611163776.4935274,"(0.7475886344909668, 0.7088808417320251)","(0.7684937715530396, 0.7323054075241089)",4.332611083984375,1,4.148284912109375,1
1611163776.5443838,"(0.7840892672538757, 0.6045538783073425)","(0.8191916942596436, 0.6120131611824036)",4.3597259521484375,1,4.217742919921875,1
1611163776.591263,"(0.8341100811958313, 0.12183448672294617)","(0.8693010210990906, 0.12833519279956818)",4.280487060546875,1,4.170379638671875,1
1611163776.615194,"(0.8378278613090515, 0.10225379467010498)","(0.8693010210990906, 0.12833519279956818)",4.3030242919921875,1,4.170379638671875,1
1611163776.6680553,"(0.8383048176765442, 0.08126983791589737)","(0.860677182674408, 0.10151637345552444)",4.295318603515625,1,4.09344482421875,1
1611163776.7199123,"(0.841446042060852, 0.05371225252747536)","(0.8653922080993652, 0.08095280826091766)",4.3091888427734375,1,4.0953369140625,1
1611163776.7428513,"(0.8423091173171997, 0.041363149881362915)","(0.8653922080993652, 0.08095280826091766)",4.310516357421875,1,4.0953369140625,1
1611163776.796711,"(0.841864287853241, 0.041413966566324234)","(0.8654643893241882, 0.07425149530172348)",4.30804443359375,1,4.095977783203125,1
1611163776.8545563,"(0.8446966409683228, 0.041047412902116776)","(0.8626499176025391, 0.06521410495042801)",4.2978057861328125,1,4.09228515625,1
1611163776.900434,"(0.8460010290145874, 0.0391840785741806)","(0.8626499176025391, 0.06521410495042801)",4.28546142578125,1,4.09228515625,1
1611163776.9542913,"(0.8476927280426025, 0.03715352341532707)","(0.8607776165008545, 0.06405533105134964)",4.2805023193359375,1,4.0813751220703125,1
1611163777.000169,"(0.8471185564994812, 0.037547167390584946)","(0.8591952919960022, 0.06082119792699814)",4.27685546875,1,4.075531005859375,1
1611163777.0590093,"(0.8478211164474487, 0.03837722912430763)","(0.8556239008903503, 0.06008271872997284)",4.270782470703125,1,4.0706939697265625,1
1611163777.0879357,"(0.8468228578567505, 0.034874431788921356)","(0.855557918548584, 0.058404598385095596)",4.268096923828125,1,4.0680084228515625,1
1611163777.1407862,"(0.845137894153595, 0.03125256299972534)","(0.855435848236084, 0.05997558683156967)",4.2649688720703125,1,4.0615234375,1
1611163777.1936498,"(0.8451688289642334, 0.028464950621128082)","(0.8549008965492249, 0.06265310943126678)",4.267822265625,1,4.0514984130859375,1
1611163777.2475083,"(0.8463118076324463, 0.026462256908416748)","(0.8547896146774292, 0.06361664831638336)",4.2657318115234375,1,4.047698974609375,1
1611163777.301357,"(0.8496832251548767, 0.023187557235360146)","(0.8570716381072998, 0.06404106318950653)",4.2690887451171875,1,4.050384521484375,1
1611163777.3302875,"(0.8506792187690735, 0.02104676142334938)","(0.8577187061309814, 0.06456368416547775)",4.2662353515625,1,4.0453033447265625,1
1611163777.3841405,"(0.847557783126831, 0.0225228238850832)","(0.8555861115455627, 0.06130131334066391)",4.261260986328125,1,4.040252685546875,1
1611163777.4439816,"(0.7964421510696411, 0.0018384890863671899)","(0.8472173810005188, 0.06575706601142883)",4.264404296875,1,4.00494384765625,1
1611163777.4958475,"(0.7208957076072693, -0.017467668280005455)","(0.7739266753196716, 0.02280089631676674)",4.2719573974609375,1,4.0235595703125,1
1611163777.5257628,"(0.5212730169296265, 0.01292008999735117)","(0.5587928295135498, 0.019395064562559128)",4.2139892578125,1,4.0099334716796875,1
1611163777.559638,"(0.5214974880218506, 0.012317504733800888)","(0.559422492980957, 0.020873086526989937)",4.2061004638671875,1,4.015045166015625,1
1611163777.6005569,"(0.5213471055030823, 0.012569604441523552)","(0.5593729019165039, 0.020117079839110374)",4.205596923828125,1,4.01080322265625,1
1611163777.6544175,"(0.5211504697799683, 0.01260754931718111)","(0.5595847964286804, 0.02078067697584629)",4.2021942138671875,1,4.010650634765625,1
1611163777.690317,"(0.5218647122383118, 0.012756683863699436)","(0.5587300658226013, 0.02021455019712448)",4.208404541015625,1,4.0046844482421875,1
1611163777.7431796,"(0.5253352522850037, 0.011130468919873238)","(0.5594105124473572, 0.01776036247611046)",4.1922149658203125,1,4.00140380859375,1
1611163777.7960057,"(0.5264551639556885, 0.013209541328251362)","(0.5592777729034424, 0.017652438953518867)",4.19195556640625,1,3.9926910400390625,1
1611163777.8478665,"(0.5274882316589355, 0.01681571453809738)","(0.5605126619338989, 0.01693926937878132)",4.185791015625,1,3.988525390625,1
1611163777.9007583,"(0.526406466960907, 0.019040033221244812)","(0.5599424242973328, 0.018042273819446564)",4.19464111328125,1,3.982421875,1
1611163777.9526198,"(0.526762843132019, 0.020138738676905632)","(0.5597329139709473, 0.01800437830388546)",4.18511962890625,1,3.982330322265625,1
1611163778.0064802,"(0.5243250727653503, 0.020103855058550835)","(0.5601907968521118, 0.020150257274508476)",4.1806793212890625,1,3.9774169921875,1
1611163778.058406,"(0.5230971574783325, 0.020646823570132256)","(0.5605879426002502, 0.01946845091879368)",4.1776885986328125,1,3.971832275390625,1
1611163778.0933115,"(0.5221951007843018, 0.020602136850357056)","(0.5617435574531555, 0.018478306010365486)",4.182891845703125,1,3.964813232421875,1
1611163778.1471715,"(0.5221939086914062, 0.020258868113160133)","(0.561077892780304, 0.01875409483909607)",4.183807373046875,1,3.9636688232421875,1
1611163778.1930437,"(0.5230509638786316, 0.0201179850846529)","(0.560431718826294, 0.017761755734682083)",4.1827392578125,1,3.9627838134765625,1
1611163778.2340539,"(0.5241554975509644, 0.019209925085306168)","(0.5598108172416687, 0.017150266095995903)",4.181243896484375,1,3.970703125,1
1611163778.2569637,"(0.5269544124603271, 0.01856062188744545)","(0.5586983561515808, 0.015155967324972153)",4.1774749755859375,1,3.969696044921875,1
1611163778.2789347,"(0.5276572704315186, 0.01946157217025757)","(0.5595719814300537, 0.014909336343407631)",4.178558349609375,1,3.9678802490234375,1
1611163778.3018737,"(0.5292625427246094, 0.019384605810046196)","(0.5592063665390015, 0.012979517690837383)",4.1791534423828125,1,3.9600677490234375,1
1611163778.3307948,"(0.5305289626121521, 0.021479040384292603)","(0.5601755976676941, 0.010190853849053383)",4.1822052001953125,1,3.9614715576171875,1
1611163778.3537343,"(0.5302520394325256, 0.021854085847735405)","(0.5593894124031067, 0.010574175044894218)",4.1836090087890625,1,3.9615478515625,1
1611163778.382659,"(0.5277725458145142, 0.023151591420173645)","(0.5591651201248169, 0.010885103605687618)",4.183563232421875,1,3.9627838134765625,1
1611163778.4295306,"(0.5269724130630493, 0.022967904806137085)","(0.5589936971664429, 0.012323320843279362)",4.1878204345703125,1,3.959747314453125,1
1611163778.4813936,"(0.52622389793396, 0.02380237728357315)","(0.5588790774345398, 0.013273213058710098)",4.1875,1,3.9581146240234375,1
1611163778.517302,"(0.5245246291160583, 0.02507697232067585)","(0.5588527321815491, 0.013105928897857666)",4.188385009765625,1,3.959564208984375,1
1611163778.5691543,"(0.5227235555648804, 0.024185962975025177)","(0.5590535998344421, 0.015305092558264732)",4.1845550537109375,1,3.9579315185546875,1
1611163778.62302,"(0.5226853489875793, 0.02407355234026909)","(0.5587637424468994, 0.01648038439452648)",4.187835693359375,1,3.958282470703125,1
1611163778.6758773,"(0.5236103534698486, 0.022701019421219826)","(0.5585063695907593, 0.019285837188363075)",4.189544677734375,1,3.9594879150390625,1
1611163778.7167695,"(0.5219807624816895, 0.023668494075536728)","(0.558046817779541, 0.01784738153219223)",4.191650390625,1,3.965545654296875,1
1611163778.7686245,"(0.5222198367118835, 0.023827800527215004)","(0.5577681064605713, 0.017239047214388847)",4.1933746337890625,1,3.9683380126953125,1
1611163778.8224854,"(0.5228859782218933, 0.024834994226694107)","(0.5583698153495789, 0.01725468970835209)",4.1934814453125,1,3.9720458984375,1
1611163778.8763416,"(0.5236707925796509, 0.025282928720116615)","(0.5581127405166626, 0.01586407609283924)",4.1976318359375,1,3.965911865234375,1
1611163778.9292028,"(0.5237215161323547, 0.02507779747247696)","(0.5592443346977234, 0.013070540502667427)",4.199493408203125,1,3.9700775146484375,1
1611163778.983055,"(0.5233101844787598, 0.026570327579975128)","(0.5582726001739502, 0.01342031080275774)",4.1952362060546875,1,3.96978759765625,1
1611163779.0369062,"(0.5137881636619568, 0.050669871270656586)","(0.5467920303344727, 0.04232127219438553)",4.1904296875,1,3.973663330078125,1
1611163779.090735,"(0.48324811458587646, 0.13243885338306427)","(0.508962094783783, 0.12729805707931519)",4.1932525634765625,1,3.980712890625,1
1611163779.1427639,"(0.46337807178497314, 0.18899445235729218)","(0.46718791127204895, 0.19324111938476562)",4.2039794921875,1,3.97406005859375,1
1611163779.190606,"(0.3990912437438965, 0.27466443181037903)","(0.42165201902389526, 0.24967049062252045)",4.2054595947265625,1,3.983917236328125,1
1611163779.2255127,"(0.3334317207336426, 0.31010758876800537)","(0.37355175614356995, 0.28981685638427734)",4.20269775390625,1,3.99578857421875,1
1611163779.2773738,"(0.3334317207336426, 0.31010758876800537)","(0.34672966599464417, 0.30205032229423523)",4.20269775390625,1,3.9944915771484375,1
1611163779.3292675,"(0.31293195486068726, 0.32781460881233215)","(0.33194246888160706, 0.30526649951934814)",4.197998046875,1,3.9860382080078125,1
1611163779.3752697,"(0.3008035123348236, 0.34557875990867615)","(0.31891435384750366, 0.31120145320892334)",4.193267822265625,1,3.977325439453125,1
1611163779.4281328,"(0.2984258532524109, 0.3381544053554535)","(0.31980177760124207, 0.3126350939273834)",4.1890106201171875,1,3.9759979248046875,1
1611163779.4750035,"(0.29695042967796326, 0.3402612507343292)","(0.3173500895500183, 0.3154475688934326)",4.1917724609375,1,3.9715423583984375,1
1611163779.5099142,"(0.2944665551185608, 0.34118586778640747)","(0.31607764959335327, 0.320581316947937)",4.192169189453125,1,3.96966552734375,1
1611163779.562768,"(0.29273125529289246, 0.3431661128997803)","(0.3146054744720459, 0.32141318917274475)",4.19720458984375,1,3.9724884033203125,1
1611163779.6086454,"(0.29277026653289795, 0.3440376818180084)","(0.3141639828681946, 0.32461515069007874)",4.2001800537109375,1,3.9762420654296875,1
1611163779.661504,"(0.29500824213027954, 0.3481307923793793)","(0.3141869306564331, 0.32634401321411133)",4.1977386474609375,1,3.978851318359375,1
1611163779.71433,"(0.2939339280128479, 0.34453368186950684)","(0.31250303983688354, 0.33135753870010376)",4.19903564453125,1,3.9818878173828125,1
1611163779.748273,"(0.28924450278282166, 0.34704697132110596)","(0.30945780873298645, 0.33429422974586487)",4.201385498046875,1,3.9839324951171875,1
1611163779.8021288,"(0.2832174003124237, 0.33698251843452454)","(0.3044629991054535, 0.325614869594574)",4.211456298828125,1,3.993194580078125,1
1611163779.855989,"(0.2813977003097534, 0.35812002420425415)","(0.3015819191932678, 0.31917285919189453)",4.2245635986328125,1,3.98193359375,1
1611163779.902841,"(0.09877321124076843, 0.4711901843547821)","(0.12339334189891815, 0.4297787547111511)",4.2211761474609375,1,3.9894256591796875,1
1611163779.9567094,"(0.0867229476571083, 0.47495362162590027)","(0.11891912668943405, 0.4457121193408966)",4.21307373046875,1,3.981842041015625,1
1611163779.9926138,"(0.09094663709402084, 0.4799739420413971)","(0.11735658347606659, 0.44323375821113586)",4.210052490234375,1,3.99249267578125,1
1611163780.0464697,"(0.08663816750049591, 0.48164260387420654)","(0.11201845109462738, 0.4437347650527954)",4.212615966796875,1,3.9959259033203125,1
1611163780.0604393,"(0.08680907636880875, 0.4807572364807129)","(0.10776834934949875, 0.4348667860031128)",4.2146453857421875,1,3.9969940185546875,1
1611163780.0614033,"(0.0825607180595398, 0.4863525331020355)","(0.10453557223081589, 0.43993183970451355)",4.2189788818359375,1,3.99261474609375,1
1611163780.0614033,"(0.07972222566604614, 0.49137842655181885)","(0.09924611449241638, 0.4403392970561981)",4.2247161865234375,1,3.9953765869140625,1
1611163780.0614033,"(0.0582917295396328, 0.5159496665000916)","(0.09522408992052078, 0.4437534511089325)",4.2274017333984375,1,4.0065460205078125,1
1611163780.0614033,"(0.04482800140976906, 0.5197766423225403)","(0.08765120804309845, 0.43307527899742126)",4.2322235107421875,1,4.010162353515625,1
1611163780.0623994,"(0.030873341485857964, 0.5525726079940796)","(0.053569529205560684, 0.5079349875450134)",4.2422943115234375,1,3.99822998046875,1
1611163780.0623994,"(0.029169080778956413, 0.5488508343696594)","(0.05131766200065613, 0.5086733102798462)",4.2462158203125,1,3.9934844970703125,1
1611163780.0623994,"(0.02618052065372467, 0.5603636503219604)","(0.04607013240456581, 0.5122062563896179)",4.233306884765625,1,4.003814697265625,1
